-- phpMyAdmin SQL Dump
-- version 5.2.1
-- https://www.phpmyadmin.net/
--
-- Host: 127.0.0.1
-- Generation Time: Jul 19, 2026 at 05:06 AM
-- Server version: 10.4.32-MariaDB
-- PHP Version: 8.2.12

SET SQL_MODE = "NO_AUTO_VALUE_ON_ZERO";
START TRANSACTION;
SET time_zone = "+00:00";


/*!40101 SET @OLD_CHARACTER_SET_CLIENT=@@CHARACTER_SET_CLIENT */;
/*!40101 SET @OLD_CHARACTER_SET_RESULTS=@@CHARACTER_SET_RESULTS */;
/*!40101 SET @OLD_COLLATION_CONNECTION=@@COLLATION_CONNECTION */;
/*!40101 SET NAMES utf8mb4 */;

--
-- Database: `pglife`
--

-- --------------------------------------------------------

--
-- Table structure for table `amenities`
--

CREATE TABLE `amenities` (
  `id` int(11) NOT NULL,
  `name` varchar(100) NOT NULL,
  `type` varchar(50) DEFAULT NULL,
  `icon` varchar(50) DEFAULT NULL
) ENGINE=InnoDB DEFAULT CHARSET=utf8mb4 COLLATE=utf8mb4_general_ci;

--
-- Dumping data for table `amenities`
--

INSERT INTO `amenities` (`id`, `name`, `type`, `icon`) VALUES
(1, 'Wifi', 'Common Area', 'wifi'),
(2, 'Power Backup', 'Building', 'powerbackup'),
(3, 'Fire Extinguisher', 'Building', 'fireext'),
(4, 'TV', 'Common Area', 'tv'),
(5, 'Bed with Mattress', 'Bedroom', 'bed'),
(6, 'Parking', 'Building', 'parking'),
(7, 'Water Purifier', 'Common Area', 'rowater'),
(8, 'Dining', 'Common Area', 'dining'),
(9, 'Air Conditioner', 'Bedroom', 'ac'),
(10, 'Washing Machine', 'Common Area', 'washingmachine'),
(11, 'Lift', 'Building', 'lift'),
(12, 'CCTV', 'Building', 'cctv'),
(13, 'Geyser', 'Washroom', 'geyser');

-- --------------------------------------------------------

--
-- Table structure for table `cities`
--

CREATE TABLE `cities` (
  `id` int(11) NOT NULL,
  `name` varchar(100) NOT NULL
) ENGINE=InnoDB DEFAULT CHARSET=utf8mb4 COLLATE=utf8mb4_general_ci;

--
-- Dumping data for table `cities`
--

INSERT INTO `cities` (`id`, `name`) VALUES
(1, 'Delhi'),
(2, 'Mumbai'),
(3, 'Bengaluru'),
(4, 'Hyderabad');

-- --------------------------------------------------------

--
-- Table structure for table `interested_users_properties`
--

CREATE TABLE `interested_users_properties` (
  `id` int(11) NOT NULL,
  `user_id` int(11) NOT NULL,
  `property_id` int(11) NOT NULL
) ENGINE=InnoDB DEFAULT CHARSET=utf8mb4 COLLATE=utf8mb4_general_ci;

--
-- Dumping data for table `interested_users_properties`
--

INSERT INTO `interested_users_properties` (`id`, `user_id`, `property_id`) VALUES
(1, 1, 1),
(2, 1, 2),
(3, 1, 5),
(4, 2, 1),
(5, 2, 5),
(6, 3, 1),
(7, 3, 2),
(8, 3, 5),
(9, 4, 2),
(10, 4, 3),
(11, 4, 4);

-- --------------------------------------------------------

--
-- Table structure for table `properties`
--

CREATE TABLE `properties` (
  `id` int(11) NOT NULL,
  `city_id` int(11) NOT NULL,
  `name` varchar(150) NOT NULL,
  `address` varchar(255) DEFAULT NULL,
  `description` text DEFAULT NULL,
  `gender` enum('male','female','unisex') DEFAULT 'unisex',
  `rent` decimal(10,2) DEFAULT NULL,
  `rating_clean` decimal(2,1) DEFAULT NULL,
  `rating_food` decimal(2,1) DEFAULT NULL,
  `rating_safety` decimal(2,1) DEFAULT NULL
) ENGINE=InnoDB DEFAULT CHARSET=utf8mb4 COLLATE=utf8mb4_general_ci;

--
-- Dumping data for table `properties`
--

INSERT INTO `properties` (`id`, `city_id`, `name`, `address`, `description`, `gender`, `rent`, `rating_clean`, `rating_food`, `rating_safety`) VALUES
(1, 1, 'Saxena\'s Paying Guest', 'H.No. 3958 Kaseru Walan, Pahar Ganj, New Delhi, Delhi 110055', 'Furnished studio apartment - share it with close friends! Located in posh area of Bijwasan in Delhi, this house is available for both boys and girls. Go for a private room or opt for a shared one and make it your own abode. Go out with your new friends - catch a movie at the nearest cinema hall or just chill in a cafe which is not even 2 kms away. Unwind with your flatmates after a long day at work/college. With a common living area and a shared kitchen, make your own FRIENDS moments. After all, there\'s always a Joey with unlimited supply of food. Remember, all it needs is one crazy story to convert a roomie into a BFF. What\'s nearby/Your New Neighborhood 4.0 Kms from Dwarka Sector- 21 Metro Station.', 'male', 5000.00, 4.3, 3.4, 4.8),
(2, 1, 'Navrang PG Home', '644-C,Mohalla Baoli 6 Tooti Chowk, Paharganj, New Delhi, Delhi 110055', 'Furnished studio apartment - share it with close friends! Located in posh area of Bijwasan in Delhi, this house is available for both boys and girls. Go for a private room or opt for a shared one and make it your own abode. Go out with your new friends - catch a movie at the nearest cinema hall or just chill in a cafe which is not even 2 kms away. Unwind with your flatmates after a long day at work/college. With a common living area and a shared kitchen, make your own FRIENDS moments. After all, there\'s always a Joey with unlimited supply of food. Remember, all it needs is one crazy story to convert a roomie into a BFF. What\'s nearby/Your New Neighborhood 4.0 Kms from Dwarka Sector- 21 Metro Station.', 'unisex', 6000.00, 2.9, 3.4, 3.8),
(3, 2, 'Navkar Paying Guest', '44, Juhu Scheme, Juhu, Mumbai, Maharashtra 400058', 'Furnished studio apartment - share it with close friends! Located in posh area of Bijwasan in Delhi, this house is available for both boys and girls. Go for a private room or opt for a shared one and make it your own abode. Go out with your new friends - catch a movie at the nearest cinema hall or just chill in a cafe which is not even 2 kms away. Unwind with your flatmates after a long day at work/college. With a common living area and a shared kitchen, make your own FRIENDS moments. After all, there\'s always a Joey with unlimited supply of food. Remember, all it needs is one crazy story to convert a roomie into a BFF. What\'s nearby/Your New Neighborhood 4.0 Kms from Dwarka Sector- 21 Metro Station.', 'female', 9500.00, 3.9, 3.8, 4.9),
(4, 2, 'PG for Girls Borivali West', 'Plot no.258/D4, Gorai no.2, Borivali West, Mumbai, Maharashtra 400092', 'Furnished studio apartment - share it with close friends! Located in posh area of Bijwasan in Delhi, this house is available for both boys and girls. Go for a private room or opt for a shared one and make it your own abode. Go out with your new friends - catch a movie at the nearest cinema hall or just chill in a cafe which is not even 2 kms away. Unwind with your flatmates after a long day at work/college. With a common living area and a shared kitchen, make your own FRIENDS moments. After all, there\'s always a Joey with unlimited supply of food. Remember, all it needs is one crazy story to convert a roomie into a BFF. What\'s nearby/Your New Neighborhood 4.0 Kms from Dwarka Sector- 21 Metro Station.', 'female', 8000.00, 4.2, 4.1, 4.5),
(5, 2, 'Ganpati Paying Guest', 'Police Beat, Sainath Complex, Besides, SV Rd, Daulat Nagar, Borivali East, Mumbai - 400066', 'Furnished studio apartment - share it with close friends! Located in posh area of Bijwasan in Delhi, this house is available for both boys and girls. Go for a private room or opt for a shared one and make it your own abode. Go out with your new friends - catch a movie at the nearest cinema hall or just chill in a cafe which is not even 2 kms away. Unwind with your flatmates after a long day at work/college. With a common living area and a shared kitchen, make your own FRIENDS moments. After all, there\'s always a Joey with unlimited supply of food. Remember, all it needs is one crazy story to convert a roomie into a BFF. What\'s nearby/Your New Neighborhood 4.0 Kms from Dwarka Sector- 21 Metro Station.', 'male', 8500.00, 4.2, 3.9, 4.6),
(6, 3, 'Shanti Nilaya PG', 'Koramangala 5th Block, Bengaluru', 'Fully furnished PG close to tech parks, with home-style meals and a common lounge for residents.', 'unisex', 9000.00, 4.2, 4.0, 4.5),
(7, 3, 'Elite Stay PG for Men', 'HSR Layout Sector 2, Bengaluru', 'Premium PG with AC rooms, high-speed wifi, and daily housekeeping, walking distance to HSR BDA Complex.', 'male', 12000.00, 4.5, 4.3, 4.6),
(8, 3, 'Cozy Corner PG for Women', 'Indiranagar 100 Feet Road, Bengaluru', 'Budget-friendly PG for working women and students, includes breakfast and dinner.', 'female', 4800.00, 3.8, 3.5, 4.0),
(9, 4, 'Hitech Residency PG', 'Gachibowli, Hyderabad', 'Modern PG near the IT corridor with power backup, RO water, and weekly laundry service.', 'unisex', 8500.00, 4.0, 3.9, 4.3),
(10, 4, 'Green Valley PG for Men', 'Madhapur, Hyderabad', 'Spacious rooms with shared kitchen access, close to Hitech City metro station.', 'male', 7000.00, 3.9, 4.1, 4.0),
(11, 4, 'Sunrise PG for Women', 'Kondapur, Hyderabad', 'Safe and secure PG with CCTV surveillance and biometric entry, ideal for students and professionals.', 'female', 11000.00, 4.6, 4.2, 4.7);

-- --------------------------------------------------------

--
-- Table structure for table `properties_amenities`
--

CREATE TABLE `properties_amenities` (
  `id` int(11) NOT NULL,
  `property_id` int(11) NOT NULL,
  `amenity_id` int(11) NOT NULL
) ENGINE=InnoDB DEFAULT CHARSET=utf8mb4 COLLATE=utf8mb4_general_ci;

--
-- Dumping data for table `properties_amenities`
--

INSERT INTO `properties_amenities` (`id`, `property_id`, `amenity_id`) VALUES
(1, 1, 1),
(2, 1, 2),
(3, 1, 4),
(4, 1, 5),
(5, 1, 7),
(6, 1, 8),
(7, 1, 9),
(8, 1, 10),
(9, 1, 11),
(10, 1, 13),
(11, 2, 1),
(12, 2, 2),
(13, 2, 3),
(14, 2, 4),
(15, 2, 5),
(16, 2, 7),
(17, 2, 8),
(18, 2, 9),
(19, 2, 10),
(20, 2, 11),
(21, 2, 13),
(22, 3, 1),
(23, 3, 2),
(24, 3, 3),
(25, 3, 4),
(26, 3, 5),
(27, 3, 7),
(28, 3, 8),
(29, 3, 10),
(30, 3, 11),
(31, 3, 12),
(32, 3, 13),
(33, 4, 1),
(34, 4, 3),
(35, 4, 4),
(36, 4, 5),
(37, 4, 7),
(38, 4, 8),
(39, 4, 10),
(40, 4, 11),
(41, 4, 12),
(42, 4, 13),
(43, 5, 1),
(44, 5, 3),
(45, 5, 4),
(46, 5, 5),
(47, 5, 7),
(48, 5, 8),
(49, 5, 10),
(50, 5, 11),
(51, 5, 12),
(52, 5, 13),
(53, 6, 1),
(54, 6, 2),
(55, 6, 4),
(56, 6, 5),
(57, 6, 7),
(58, 6, 8),
(59, 7, 1),
(60, 7, 2),
(61, 7, 4),
(62, 7, 5),
(63, 7, 9),
(64, 7, 10),
(65, 7, 12),
(66, 7, 13),
(67, 8, 1),
(68, 8, 5),
(69, 8, 8),
(70, 8, 13),
(71, 9, 1),
(72, 9, 2),
(73, 9, 7),
(74, 9, 10),
(75, 9, 13),
(76, 10, 1),
(77, 10, 5),
(78, 10, 6),
(79, 10, 8),
(80, 11, 1),
(81, 11, 2),
(82, 11, 9),
(83, 11, 11),
(84, 11, 12),
(85, 11, 13);

-- --------------------------------------------------------

--
-- Table structure for table `testimonials`
--

CREATE TABLE `testimonials` (
  `id` int(11) NOT NULL,
  `property_id` int(11) NOT NULL,
  `user_name` varchar(100) DEFAULT NULL,
  `content` text DEFAULT NULL
) ENGINE=InnoDB DEFAULT CHARSET=utf8mb4 COLLATE=utf8mb4_general_ci;

--
-- Dumping data for table `testimonials`
--

INSERT INTO `testimonials` (`id`, `property_id`, `user_name`, `content`) VALUES
(1, 1, 'Ashutosh Gowariker', 'You just have to arrive at the place, it\'s fully furnished and stocked with all basic amenities and services and even your friends are welcome.'),
(2, 1, 'Karan Johar', 'You just have to arrive at the place, it\'s fully furnished and stocked with all basic amenities and services and even your friends are welcome.'),
(3, 2, 'Zoya Akhtar', 'You just have to arrive at the place, it\'s fully furnished and stocked with all basic amenities and services and even your friends are welcome.'),
(4, 2, 'Farhan Akhtar', 'You just have to arrive at the place, it\'s fully furnished and stocked with all basic amenities and services and even your friends are welcome.'),
(5, 2, 'Anurag Kashyap', 'You just have to arrive at the place, it\'s fully furnished and stocked with all basic amenities and services and even your friends are welcome.'),
(6, 3, 'Mira Nair', 'You just have to arrive at the place, it\'s fully furnished and stocked with all basic amenities and services and even your friends are welcome.'),
(7, 3, 'Meghna Gulzar', 'You just have to arrive at the place, it\'s fully furnished and stocked with all basic amenities and services and even your friends are welcome.'),
(8, 4, 'Farah Khan', 'You just have to arrive at the place, it\'s fully furnished and stocked with all basic amenities and services and even your friends are welcome.'),
(9, 5, 'Rajkumar Hirani', 'You just have to arrive at the place, it\'s fully furnished and stocked with all basic amenities and services and even your friends are welcome.'),
(10, 5, 'Sanjay Leela Bhansali', 'You just have to arrive at the place, it\'s fully furnished and stocked with all basic amenities and services and even your friends are welcome.'),
(11, 6, 'Priya Sharma', 'Great location near tech parks, food is home-style and the common lounge is perfect for meeting other residents.'),
(12, 7, 'Rahul Verma', 'Premium rooms, AC works great, and the housekeeping is prompt. Worth the rent.'),
(13, 8, 'Sneha Iyer', 'Affordable and safe, breakfast and dinner included made a big difference for my budget.'),
(14, 9, 'Karthik Reddy', 'Close to the Gachibowli IT corridor, power backup never let me down during outages.'),
(15, 10, 'Arjun Rao', 'Spacious rooms and the shared kitchen is well maintained. Metro station is a quick walk away.'),
(16, 11, 'Ananya Desai', 'Felt very safe with CCTV and biometric entry. Great choice for someone new to the city.');

-- --------------------------------------------------------

--
-- Table structure for table `users`
--

CREATE TABLE `users` (
  `id` int(11) NOT NULL,
  `email` varchar(100) NOT NULL,
  `password` varchar(255) NOT NULL,
  `full_name` varchar(100) DEFAULT NULL,
  `phone` varchar(15) DEFAULT NULL,
  `gender` enum('male','female','unisex') DEFAULT NULL,
  `college_name` varchar(150) DEFAULT NULL
) ENGINE=InnoDB DEFAULT CHARSET=utf8mb4 COLLATE=utf8mb4_general_ci;

--
-- Dumping data for table `users`
--

-- User account data intentionally omitted from this public export.

--
-- Indexes for dumped tables
--

--
-- Indexes for table `amenities`
--
ALTER TABLE `amenities`
  ADD PRIMARY KEY (`id`);

--
-- Indexes for table `cities`
--
ALTER TABLE `cities`
  ADD PRIMARY KEY (`id`);

--
-- Indexes for table `interested_users_properties`
--
ALTER TABLE `interested_users_properties`
  ADD PRIMARY KEY (`id`),
  ADD KEY `user_id` (`user_id`),
  ADD KEY `property_id` (`property_id`);

--
-- Indexes for table `properties`
--
ALTER TABLE `properties`
  ADD PRIMARY KEY (`id`),
  ADD KEY `city_id` (`city_id`);

--
-- Indexes for table `properties_amenities`
--
ALTER TABLE `properties_amenities`
  ADD PRIMARY KEY (`id`),
  ADD KEY `property_id` (`property_id`),
  ADD KEY `amenity_id` (`amenity_id`);

--
-- Indexes for table `testimonials`
--
ALTER TABLE `testimonials`
  ADD PRIMARY KEY (`id`),
  ADD KEY `property_id` (`property_id`);

--
-- Indexes for table `users`
--
ALTER TABLE `users`
  ADD PRIMARY KEY (`id`),
  ADD UNIQUE KEY `email` (`email`);

--
-- AUTO_INCREMENT for dumped tables
--

--
-- AUTO_INCREMENT for table `amenities`
--
ALTER TABLE `amenities`
  MODIFY `id` int(11) NOT NULL AUTO_INCREMENT, AUTO_INCREMENT=14;

--
-- AUTO_INCREMENT for table `cities`
--
ALTER TABLE `cities`
  MODIFY `id` int(11) NOT NULL AUTO_INCREMENT, AUTO_INCREMENT=5;

--
-- AUTO_INCREMENT for table `interested_users_properties`
--
ALTER TABLE `interested_users_properties`
  MODIFY `id` int(11) NOT NULL AUTO_INCREMENT, AUTO_INCREMENT=76;

--
-- AUTO_INCREMENT for table `properties`
--
ALTER TABLE `properties`
  MODIFY `id` int(11) NOT NULL AUTO_INCREMENT, AUTO_INCREMENT=12;

--
-- AUTO_INCREMENT for table `properties_amenities`
--
ALTER TABLE `properties_amenities`
  MODIFY `id` int(11) NOT NULL AUTO_INCREMENT, AUTO_INCREMENT=86;

--
-- AUTO_INCREMENT for table `testimonials`
--
ALTER TABLE `testimonials`
  MODIFY `id` int(11) NOT NULL AUTO_INCREMENT, AUTO_INCREMENT=17;

--
-- AUTO_INCREMENT for table `users`
--
ALTER TABLE `users`
  MODIFY `id` int(11) NOT NULL AUTO_INCREMENT, AUTO_INCREMENT=9;

--
-- Constraints for dumped tables
--

--
-- Constraints for table `interested_users_properties`
--
ALTER TABLE `interested_users_properties`
  ADD CONSTRAINT `interested_users_properties_ibfk_1` FOREIGN KEY (`user_id`) REFERENCES `users` (`id`),
  ADD CONSTRAINT `interested_users_properties_ibfk_2` FOREIGN KEY (`property_id`) REFERENCES `properties` (`id`);

--
-- Constraints for table `properties`
--
ALTER TABLE `properties`
  ADD CONSTRAINT `properties_ibfk_1` FOREIGN KEY (`city_id`) REFERENCES `cities` (`id`);

--
-- Constraints for table `properties_amenities`
--
ALTER TABLE `properties_amenities`
  ADD CONSTRAINT `properties_amenities_ibfk_1` FOREIGN KEY (`property_id`) REFERENCES `properties` (`id`),
  ADD CONSTRAINT `properties_amenities_ibfk_2` FOREIGN KEY (`amenity_id`) REFERENCES `amenities` (`id`);

--
-- Constraints for table `testimonials`
--
ALTER TABLE `testimonials`
  ADD CONSTRAINT `testimonials_ibfk_1` FOREIGN KEY (`property_id`) REFERENCES `properties` (`id`);
COMMIT;

/*!40101 SET CHARACTER_SET_CLIENT=@OLD_CHARACTER_SET_CLIENT */;
/*!40101 SET CHARACTER_SET_RESULTS=@OLD_CHARACTER_SET_RESULTS */;
/*!40101 SET COLLATION_CONNECTION=@OLD_COLLATION_CONNECTION */;
